Workbook

Sheet Зведення
A1: Грошовий потік — звіт Pillar
A2: Дані: 30.10.2026 · без проєктів на паузі/втрачених
A4: План усього, ₴ | B4: =SUMIF('Графік надходжень'!J:J,"<>",'Графік надходжень'!F:F)
A5: Отримано (факт), ₴ | B5: =SUMIF('Графік надходжень'!J:J,"<>",'Графік надходжень'!G:G)
A6: Очікується, ₴ | B6: =B4-B5
A7: Отримано, % | B7: =IF(B4=0,0,B5/B4)
A8: Прострочені надходження, ₴ | B8: =SUMIF('Прострочені'!A:A,"<>",'Прострочені'!G:G)
A9: К-сть платежів | B9: =COUNTIF('Графік надходжень'!J2:J100000,"<>")

Sheet Графік надходжень
A1: Планова дата | B1: № проєкту | C1: Проєкт | D1: ПМ | E1: Платіж | F1: План, ₴ | G1: Факт, ₴ | H1: Різниця, ₴ | I1: Статус | J1: YM | K1: У валюті
A2: 46128 | B2: 8070 | C2: А Карпорты B2C SCP | D2: Іщук | E2: Авансовий платіж | F2: 126641 | G2: 126641 | H2: =F2-G2 | I2: отримано | J2: 2026-04
A3: 46133 | B3: 7244 | C3: В Модулекс модульна будівля Чернігів | D3: Заянчковський | E3: Авансовий платіж | F3: 77600 | G3: 77600 | H3: =F3-G3 | I3: отримано | J3: 2026-04
A4: 46139 | B4: 7536 | C4: А Ранчо “Едельвейс” AGM 171PV | D4: Іщук | E4: Авансовий платіж | F4: 244374 | G4: 244374 | H4: =F4-G4 | I4: отримано | J4: 2026-04
A5: 46147 | B5: 3456 | C5: А Підселання фундаменту | D5: Донська | E5: Авансовий платіж | F5: 421968 | G5: 421968 | H5: =F5-G5 | I5: отримано | J5: 2026-05
A6: 46149 | B6: 7536 | C6: А Ранчо “Едельвейс” AGM 171PV | D6: Іщук | E6: Другий платіж | F6: 200000 | G6: 200000 | H6: =F6-G6 | I6: отримано | J6: 2026-05
A7: 46154 | B7: 8360 | C7: Хаджет Лебедівка | D7: Донська | E7: Авансовий платіж | F7: 231000 | G7: 231000 | H7: =F7-G7 | I7: отримано | J7: 2026-05
A8: 46157 | B8: 7536 | C8: А Ранчо “Едельвейс” AGM 171PV | D8: Іщук | E8: Третій платіж | F8: 200000 | G8: 200000 | H8: =F8-G8 | I8: отримано | J8: 2026-05
A9: 46160 | B9: 8008 | C9: Модулі Григорівка | D9: Донська | E9: Авансовий платіж | F9: 430850.64 | G9: 430850.64 | H9: =F9-G9 | I9: отримано | J9: 2026-05
A10: 46161 | B10: 5870 | C10: Carport Airport Munich | D10: Хома | E10: Авансовий платіж | F10: 2525000 | G10: 2525000 | H10: =F10-G10 | I10: отримано | J10: 2026-05 | K10: €50 000
A11: 46161 | B11: 6704 | C11: SCP Taurus 236PS | D11: Хома | E11: Авансовий платіж | F11: 5050000 | G11: 5050000 | H11: =F11-G11 | I11: отримано | J11: 2026-05 | K11: €100 000
A12: 46161 | B12: 7068 | C12: А Remtec energy AGM 160 TP | D12: Александров | E12: Авансовий платіж | F12: 2416856 | G12: 2416856 | H12: =F12-G12 | I12: отримано | J12: 2026-05
A13: 46161 | B13: 8438 | C13: GS | D13: Александров | E13: Авансовий платіж | F13: 758160 | G13: 758160 | H13: =F13-G13 | I13: отримано | J13: 2026-05
A14: 46162 | B14: 7536 | C14: А Ранчо “Едельвейс” AGM 171PV | D14: Іщук | E14: Четвертий платіж | F14: 200000 | G14: 200000 | H14: =F14-G14 | I14: отримано | J14: 2026-05
A15: 46164 | B15: 8238 | C15: А UTEM SOLAR SCP Taurus 190PV | D15: Іщук | E15: Авансовий платіж | F15: 2050102 | G15: 2050102 | H15: =F15-G15 | I15: отримано | J15: 2026-05 | K15: $45 700
A16: 46166 | B16: 7536 | C16: А Ранчо “Едельвейс” AGM 171PV | D16: Іщук | E16: П'ятий платіж | F16: 67972.8 | G16: 67972.8 | H16: =F16-G16 | I16: отримано | J16: 2026-05
A17: 46167 | B17: 7508 | C17: 8602 Євген Весільна тераса Подорожнє | D17: Заянчковський | E17: Авансовий платіж | F17: 1245999.9 | G17: 1245999.9 | H17: =F17-G17 | I17: отримано | J17: 2026-05
A18: 46168 | B18: 7508 | C18: 8602 Євген Весільна тераса Подорожнє | D18: Заянчковський | E18: Другий платіж | F18: 751000.06 | G18: 751000.06 | H18: =F18-G18 | I18: отримано | J18: 2026-05
A19: 46168 | B19: 8140 | C19: В Газинвестпроект фундамент Киев | D19: Заянчковський | E19: Авансовий платіж | F19: 150000 | G19: 150000 | H19: =F19-G19 | I19: отримано | J19: 2026-05
A20: 46169 | B20: 6842 | C20: 2 | D20: Александров | E20: Авансовий платіж | F20: 3308968 | G20: 3308968 | H20: =F20-G20 | I20: отримано | J20: 2026-05
A21: 46169 | B21: 7960 | C21: Сірокко Sirocco вітрова ел ст Львів | D21: Іщук | E21: Авансовий платіж | F21: 99610.8 | G21: 99610.8 | H21: =F21-G21 | I21: отримано | J21: 2026-05
A22: 46169 | B22: 8454 | C22: Олександр каркасний Верховина | D22: Донська | E22: Авансовий платіж | F22: 103606.2 | G22: 103606.2 | H22: =F22-G22 | I22: отримано | J22: 2026-05
A23: 46170 | B23: 8188 | C23: Фундамент Ужгород Стефанія | D23: Іщук | E23: Авансовий платіж | F23: 206200 | G23: 206200 | H23: =F23-G23 | I23: отримано | J23: 2026-05
A24: 46170 | B24: 8454 | C24: Олександр каркасний Верховина | D24: Донська | E24: Другий платіж | F24: 69666 | G24: 69666 | H24: =F24-G24 | I24: отримано | J24: 2026-05
A25: 46170 | B25: 8544 | C25: Isolar фланець Хмельницький | D25: Донська | E25: Авансовий платіж | F25: 261990 | G25: 261990 | H25: =F25-G25 | I25: отримано | J25: 2026-05
A26: 46175 | B26: 5682 | C26: А Сцена Корчин | D26: Іщук | E26: Авансовий платіж | F26: 87150 | G26: 87150 | H26: =F26-G26 | I26: отримано | J26: 2026-06
A27: 46175 | B27: 8185 | C27: Фундамент Hytte House Development Славське | D27: Донська | E27: Авансовий платіж | F27: 168024 | G27: 168024 | H27: =F27-G27 | I27: отримано | J27: 2026-06
... A38: 46197 | B38: 8360 | C38: Хаджет Лебедівка | D38: Донська | E38: Третій платіж | F38: 95968.3 | G38: 95968.3 | H38: =F38-G38 | I38: отримано | J38: 2026-06
A39: 46202 | B39: 6704 | C39: SCP Taurus 236PS | D39: Хома | E39: Другий платіж | F39: 1818000 | G39: 1818000 | H39: =F39-G39 | I39: отримано | J39: 2026-06 | K39: €36 000
A40: 46204 | B40: 4766 | C40: ALTECO Carport Model Taurus 280кВт | D40: Заянчковський | E40: Авансовий платіж | F40: 20000 | G40: 20000 | H40: =F40-G40 | I40: отримано | J40: 2026-07
A41: 46209 | B41: 8878 | C41: А ТОВ КОМПАНІЯ ВОЛЬТ СЕРВІС ГРУП | D41: Заянчковський | E41: Авансовий платіж | F41: 410320 | G41: 410320 | H41: =F41-G41 | I41: отримано | J41: 2026-07
A42: 46210 | B42: 8008 | C42: Модулі Григорівка | D42: Донська | E42: Третій платіж | F42: 178088.4 | G42: 178088.4 | H42: =F42-G42 | I42: отримано | J42: 2026-07
A43: 46213 | B43: 8454 | C43: Олександр каркасний Верховина | D43: Донська | E43: Третій платіж | F43: 69666 | G43: 69666 | H43: =F43-G43 | I43: отримано | J43: 2026-07
A44: 46216 | B44: 8496 | C44: А Greensource SGM 110MWp | D44: Іщук | E44: Авансовий платіж | F44: 444400 | G44: 444400 | H44: =F44-G44 | I44: отримано | J44: 2026-07 | K44: €8 800
A45: 46216 | B45: 8898 | C45: Григорівка №3 | D45: Донська | E45: Авансовий платіж | F45: 290403.65 | G45: 290403.65 | H45: =F45-G45 | I45: отримано | J45: 2026-07
A46: 46217 | B46: 4766 | C46: ALTECO Carport Model Taurus 280кВт | D46: Заянчковський | E46: Другий платіж | F46: 100000 | G46: 100000 | H46: =F46-G46 | I46: отримано | J46: 2026-07
A47: 46217 | B47: 8185 | C47: Фундамент Hytte House Development Славське | D47: Донська | E47: Другий платіж | F47: 63313.4 | G47: 63313.4 | H47: =F47-G47 | I47: отримано | J47: 2026-07
A48: 46217 | B48: 8185 | C48: Фундамент Hytte House Development Славське | D48: Донська | E48: Третій платіж | F48: 63313.4 | G48: 63313.4 | H48: =F48-G48 | I48: отримано | J48: 2026-07
A49: 46219 | B49: 6352 | C49: АБМК SCP Blade 8PS | D49: Донська | E49: Авансовий платіж | F49: 80000.04 | G49: 80000.04 | H49: =F49-G49 | I49: отримано | J49: 2026-07
A50: 46219 | B50: 7002 | C50: Фора SCP Млиново | D50: Донська | E50: Авансовий платіж | F50: 126896.64 | G50: 126896.64 | H50: =F50-G50 | I50: отримано | J50: 2026-07
A51: 46219 | B51: 7002 | C51: Фора SCP Млиново | D51: Донська | E51: Третій платіж | F51: 126896.64 | G51: 126896.64 | H51: =F51-G51 | I51: отримано | J51: 2026-07
A52: 46219 | B52: 7002 | C52: Фора SCP Млиново | D52: Донська | E52: Четвертий платіж | F52: 573945 | G52: 573945 | H52: =F52-G52 | I52: отримано | J52: 2026-07
A53: 46224 | B53: 4766 | C53: ALTECO Carport Model Taurus 280кВт | D53: Заянчковський | E53: Третій платіж | F53: 4368479 | G53: 4368479 | H53: =F53-G53 | I53: отримано | J53: 2026-07
A54: 46225 | B54: 5910 | C54: SGM Brdovec, Хорватия | D54: Донська | E54: Авансовий платіж | F54: 8438045 | G54: 8438045 | H54: =F54-G54 | I54: отримано | J54: 2026-07 | K54: €167 090
A55: 46230 | B55: 6312 | C55: -26 ГШ Фундамент домобудування Георгій | D55: Заянчковський | E55: Авансовий платіж | F55: 543429 | G55: 543429 | H55: =F55-G55 | I55: отримано | J55: 2026-07
A56: 46231 | B56: 6130 | C56: -26 ГШ Фундамент домобудування Євро Простір Марія | D56: Заянчковський | E56: Авансовий платіж | F56: 56056 | G56: 56056 | H56: =F56-G56 | I56: отримано | J56: 2026-07
A57: 46231 | B57: 6704 | C57: SCP Taurus 236PS | D57: Хома | E57: Третій платіж | F57: 3974350 | G57: 3974350 | H57: =F57-G57 | I57: отримано | J57: 2026-07 | K57: €78 700
A58: 46232 | B58: 6130 | C58: -26 ГШ Фундамент домобудування Євро Простір Марія | D58: Заянчковський | E58: Другий платіж | F58: 50964 | G58: 50964 | H58: =F58-G58 | I58: отримано | J58: 2026-07
A59: 46234 | B59: 6130 | C59: -26 ГШ Фундамент домобудування Євро Простір Марія | D59: Заянчковський | E59: Третій платіж | F59: 75762 | G59: 75762 | H59: =F59-G59 | I59: отримано | J59: 2026-07
A60: 46237 | B60: 6024 | C60: -26 ГШ с. Липовиця Черніг. обл. Модулекс | D60: Заянчковський | E60: Авансовий платіж | F60: 201600 | G60: 201600 | H60: =F60-G60 | I60: отримано | J60: 2026-08
A61: 46237 | B61: 6130 | C61: -26 ГШ Фундамент домобудування Євро Простір Марія | D61: Заянчковський | E61: Четвертий платіж | F61: 36665 | G61: 36665 | H61: =F61-G61 | I61: отримано | J61: 2026-08
A62: 46237 | B62: 6352 | C62: АБМК SCP Blade 8PS | D62: Донська | E62: Другий платіж | F62: 1399046.6 | G62: 1399046.6 | H62: =F62-G62 | I62: отримано | J62: 2026-08
A63: 46238 | B63: 4766 | C63: ALTECO Carport Model Taurus 280кВт | D63: Заянчковський | E63: Четвертий платіж | F63: 64050 | G63: 64050 | H63: =F63-G63 | I63: отримано | J63: 2026-08
A64: 46238 | B64: 8188 | C64: Фундамент Ужгород Стефанія | D64: Іщук | E64: Другий платіж | F64: 73926 | G64: 75926 | H64: =F64-G64 | I64: отримано | J64: 2026-08
A65: 46239 | B65: 6130 | C65: -26 ГШ Фундамент домобудування Євро Простір Марія | D65: Заянчковський | E65: П'ятий платіж | F65: 73335 | G65: 73335 | H65: =F65-G65 | I65: отримано | J65: 2026-08
A66: 46240 | B66: 5870 | C66: Carport Airport Munich | D66: Хома | E66: Другий платіж | F66: 4834112.5 | G66: 4834112.5 | H66: =F66-G66 | I66: отримано | J66: 2026-08 | K66: €95 725
A67: 46241 | B67: 5870 | C67: Carport Airport Munich | D67: Хома | E67: Третій платіж | F67: 736037.5 | G67: 736037.5 | H67: =F67-G67 | I67: отримано | J67: 2026-08 | K67: €14 575
A68: 46244 | B68: 6824 | C68: SOLAR Карпорти 2 | D68: Хома | E68: Авансовий платіж | F68: 149710 | G68: 149710 | H68: =F68-G68 | I68: отримано | J68: 2026-08
A69: 46253 | B69: 5904 | C69: SOLAR Карпорти шт. 10 шт. 0.03 Мвт SIA Realcom | D69: Хома | E69: Авансовий платіж | F69: 546157.5 | G69: 546157.5 | H69: =F69-G69 | I69: отримано | J69: 2026-08 | K69: €10 815
A70: 46254 | B70: 5870 | C70: Carport Airport Munich | D70: Хома | E70: Четвертий платіж | F70: 883750 | G70: 883750 | H70: =F70-G70 | I70: отримано | J70: 2026-08 | K70: €17 500
A71: 46254 | B71: 7414 | C71: -26 ГШ Фундамент домобудування Володимир | D71: Заянчковський | E71: Авансовий платіж | F71: 94000 | G71: 94000 | H71: =F71-G71 | I71: отримано | J71: 2026-08
A72: 46255 | B72: 7894 | C72: SCP Фора Хотів | D72: Донська | E72: Другий платіж | F72: 185968 | G72: 185968 | H72: =F72-G72 | I72: отримано | J72: 2026-08
A73: 46255 | B73: 7894 | C73: SCP Фора Хотів | D73: Донська | E73: Третій платіж | F73: 185967.99 | G73: 185967.99 | H73: =F73-G73 | I73: отримано | J73: 2026-08
A74: 46255 | B74: 7894 | C74: SCP Фора Хотів | D74: Донська | E74: Четвертий платіж | F74: 737597.4 | G74: 737597.4 | H74: =F74-G74 | I74: отримано | J74: 2026-08
A75: 46255 | B75: 8898 | C75: Григорівка №3 | D75: Донська | E75: Другий платіж | F75: 188043.75 | G75: 188043.75 | H75: =F75-G75 | I75: отримано | J75: 2026-08
A76: 46260 | B76: 6406 | C76: Максим Яловий Чинадієво | D76: Іщук | E76: Другий платіж | F76: 218602 | G76: 170788 | H76: =F76-G76 | I76: прострочено | J76: 2026-08
A77: 46265 | B77: 8878 | C77: А ТОВ КОМПАНІЯ ВОЛЬТ СЕРВІС ГРУП | D77: Заянчковський | E77: П'ятий платіж | F77: 12823 | G77: 12823 | H77: =F77-G77 | I77: отримано | J77: 2026-08
A78: 46268 | B78: 6356 | C78: -26 SOLAR Наземні СЕС 3 Kirill Trokhin | D78: Хома | E78: Авансовий платіж | F78: 2750028 | G78: 2750028 | H78: =F78-G78 | I78: отримано | J78: 2026-09 | K78: €54 456
A79: 46268 | B79: 7414 | C79: -26 ГШ Фундамент домобудування Володимир | D79: Заянчковський | E79: Другий платіж | F79: 13349.1 | G79: 13349.1 | H79: =F79-G79 | I79: отримано | J79: 2026-09
A80: 46272 | B80: 8497 | C80: LSG 110MWt 50 points | D80: Іщук | E80: Авансовий платіж | F80: 1526362.5 | G80: 1526362.5 | H80: =F80-G80 | I80: отримано | J80: 2026-09 | K80: €30 225
A81: 46275 | B81: 8304 | C81: -26 ГШ Фундамент домобудування Валерій Гибаленко | D81: Донська | E81: Авансовий платіж | F81: 117310 | G81: 117310 | H81: =F81-G81 | I81: отримано | J81: 2026-09
A82: 46275 | B82: 8304 | C82: -26 ГШ Фундамент домобудування Валерій Гибаленко | D82: Донська | E82: Другий платіж | F82: 55245 | G82: 55245 | H82: =F82-G82 | I82: отримано | J82: 2026-09
A83: 46275 | B83: 8304 | C83: -26 ГШ Фундамент домобудування Валерій Гибаленко | D83: Донська | E83: Третій платіж | F83: 55245 | G83: 55245 | H83: =F83-G83 | I83: отримано | J83: 2026-09
A84: 46287 | B84: 8898 | C84: Григорівка №3 | D84: Донська | E84: Третій платіж | F84: 188043.75 | G84: 188043.75 | H84: =F84-G84 | I84: отримано | J84: 2026-09
A85: 46288 | B85: 7002 | C85: Фора SCP Млиново | D85: Донська | E85: П'ятий платіж | F85: 492945 | G85: 492945 | H85: =F85-G85 | I85: отримано | J85: 2026-09
A86: 46288 | B86: 7002 | C86: Фора SCP Млиново | D86: Донська | E86: Шостий платіж (Допка) | F86: 338000 | G86: 338000 | H86: =F86-G86 | I86: отримано | J86: 2026-09
A87: 46290 | B87: 8238 | C87: А UTEM SOLAR SCP Taurus 190PV | D87: Іщук | E87: Третій платіж | F87: 578694 | G87: 578694 | H87: =F87-G87 | I87: отримано | J87: 2026-09 | K87: $12 900
A88: 46295 | B88: 7904 | C88: А СОЛАРС РЕ ЕНЕРДЖІ ГРУП | D88: Іщук | E88: Авансовий платіж | F88: 691660.98 | G88: 691660.98 | H88: =F88-G88 | I88: отримано | J88: 2026-09
A89: 46296 | B89: 7414 | C89: -26 ГШ Фундамент домобудування Володимир | D89: Заянчковський | E89: Третій платіж | F89: 50823 | G89: 50823.44 | H89: =F89-G89 | I89: отримано | J89: 2026-10
A90: 46297 | B90: 9562 | C90: 26 SOLAR Наземні СЕС Київ шт. 0 шт. 0.77 Мвт SolarWind | D90: Іщук | E90: Авансовий платіж | F90: 397353.6 | G90: 397353.6 | H90: =F90-G90 | I90: отримано | J90: 2026-10
A91: 46305 | B91: 6024 | C91: -26 ГШ с. Липовиця Черніг. обл. Модулекс | D91: Заянчковський | E91: Другий платіж | F91: 246402 | G91: 246402 | H91: =F91-G91 | I91: отримано | J91: 2026-10
A92: 46307 | B92: 8716 | C92: SOLAR Наземні СЕС Київ ТОВ ССДЖЕЙ УКРАЇНА | D92: Іщук | E92: Авансовий платіж | F92: 1580000 | G92: 1580000 | H92: =F92-G92 | I92: отримано | J92: 2026-10
A93: 46311 | B93: 7414 | C93: -26 ГШ Фундамент домобудування Володимир | D93: Заянчковський | E93: Четвертий платіж | F93: 50823.44 | G93: 50823.44 | H93: =F93-G93 | I93: отримано | J93: 2026-10
A94: 46315 | B94: 6024 | C94: -26 ГШ с. Липовиця Черніг. обл. Модулекс | D94: Заянчковський | E94: Третій платіж | F94: 3999 | G94: 3999 | H94: =F94-G94 | I94: отримано | J94: 2026-10
A95: 46316 | B95: 6352 | C95: АБМК SCP Blade 8PS | D95: Донська | E95: Третій платіж | F95: 1119237.3 | G95: 1119237.3 | H95: =F95-G95 | I95: отримано | J95: 2026-10
A96: 46316 | B96: 6352 | C96: АБМК SCP Blade 8PS | D96: Донська | E96: Четвертий платіж | F96: 371982.96 | G96: 371982.96 | H96: =F96-G96 | I96: отримано | J96: 2026-10
A97: 46316 | B97: 6356 | C97: -26 SOLAR Наземні СЕС 3 Kirill Trokhin | D97: Хома | E97: Другий платіж | F97: 3244120 | G97: 3244120 | H97: =F97-G97 | I97: отримано | J97: 2026-10 | K97: €64 240
A98: 46322 | B98: 6356 | C98: -26 SOLAR Наземні СЕС 3 Kirill Trokhin | D98: Хома | E98: Третій платіж | F98: 648824 | G98: 648824 | H98: =F98-G98 | I98: отримано | J98: 2026-10 | K98: €12 848
A99: 46325 | B99: 4766 | C99: ALTECO Carport Model Taurus 280кВт | D99: Заянчковський | E99: П'ятий платіж | F99: 1263447.4 | G99: 1050000 | H99: =F99-G99 | I99: прострочено | J99: 2026-10
A100: 46325 | B100: 5910 | C100: SGM Brdovec, Хорватия | D100: Донська | E100: Другий платіж 60% | F100: 16876140 | G100: 15646466 | H100: =F100-G100 | I100: прострочено | J100: 2026-10 | K100: €334 181
A101: 46325 | B101: 5910 | C101: SGM Brdovec, Хорватия | D101: Донська | E101: Третій платіж | F101: 2812547 | G101: 1341330.5 | H101: =F101-G101 | I101: прострочено | J101: 2026-10 | K101: €55 694
A102: 46325 | B102: 7244 | C102: В Модулекс модульна будівля Чернігів | D102: Заянчковський | E102: П'ятий платіж | F102: 132708.6 | G102: 0 | H102: =F102-G102 | I102: прострочено | J102: 2026-10
A103: 46332 | B103: 8497 | C103: LSG 110MWt 50 points | D103: Іщук | E103: Другий платіж | F103: 508787.5 | G103: 0 | H103: =F103-G103 | I103: очікується | J103: 2026-11 | K103: €10 075
A104: 46334 | B104: 7894 | C104: SCP Фора Хотів | D104: Донська | E104: П'ятий платіж | F104: 737597.4 | G104: 0 | H104: =F104-G104 | I104: очікується | J104: 2026-11
A105: 46342 | B105: 6352 | C105: АБМК SCP Blade 8PS | D105: Донська | E105: П'ятий платіж | F105: 651792.28 | G105: 0 | H105: =F105-G105 | I105: очікується | J105: 2026-11
A106: 46346 | B106: 8716 | C106: SOLAR Наземні СЕС Київ ТОВ ССДЖЕЙ УКРАЇНА | D106: Іщук | E106: Другий платіж | F106: 385933.6 | G106: 0 | H106: =F106-G106 | I106: очікується | J106: 2026-11
A107: 46356 | B107: 7508 | C107: 8602 Євген Весільна тераса Подорожнє | D107: Заянчковський | E107: Третій платіж | F107: 750999.94 | G107: 0 | H107: =F107-G107 | I107: очікується | J107: 2026-11
E108: Разом | F108: =SUM(F2:F107) | G108: =SUM(G2:G107) | H108: =SUM(H2:H107)

Sheet По місяцях
A1: Місяць | B1: План, ₴ | C1: Факт, ₴ | D1: Різниця, ₴ | E1: % отримано
A2: кві 2026 | B2: =SUMIF('Графік надходжень'!J:J,"2026-04",'Графік надходжень'!F:F) | C2: =SUMIF('Графік надходжень'!J:J,"2026-04",'Графік надходжень'!G:G) | D2: =B2-C2 | E2: =IF(B2=0,0,C2/B2)
A3: тра 2026 | B3: =SUMIF('Графік надходжень'!J:J,"2026-05",'Графік надходжень'!F:F) | C3: =SUMIF('Графік надходжень'!J:J,"2026-05",'Графік надходжень'!G:G) | D3: =B3-C3 | E3: =IF(B3=0,0,C3/B3)
A4: чер 2026 | B4: =SUMIF('Графік надходжень'!J:J,"2026-06",'Графік надходжень'!F:F) | C4: =SUMIF('Графік надходжень'!J:J,"2026-06",'Графік надходжень'!G:G) | D4: =B4-C4 | E4: =IF(B4=0,0,C4/B4)
A5: лип 2026 | B5: =SUMIF('Графік надходжень'!J:J,"2026-07",'Графік надходжень'!F:F) | C5: =SUMIF('Графік надходжень'!J:J,"2026-07",'Графік надходжень'!G:G) | D5: =B5-C5 | E5: =IF(B5=0,0,C5/B5)
A6: сер 2026 | B6: =SUMIF('Графік надходжень'!J:J,"2026-08",'Графік надходжень'!F:F) | C6: =SUMIF('Графік надходжень'!J:J,"2026-08",'Графік надходжень'!G:G) | D6: =B6-C6 | E6: =IF(B6=0,0,C6/B6)
A7: вер 2026 | B7: =SUMIF('Графік надходжень'!J:J,"2026-09",'Графік надходжень'!F:F) | C7: =SUMIF('Графік надходжень'!J:J,"2026-09",'Графік надходжень'!G:G) | D7: =B7-C7 | E7: =IF(B7=0,0,C7/B7)
A8: жов 2026 | B8: =SUMIF('Графік надходжень'!J:J,"2026-10",'Графік надходжень'!F:F) | C8: =SUMIF('Графік надходжень'!J:J,"2026-10",'Графік надходжень'!G:G) | D8: =B8-C8 | E8: =IF(B8=0,0,C8/B8)
A9: лис 2026 | B9: =SUMIF('Графік надходжень'!J:J,"2026-11",'Графік надходжень'!F:F) | C9: =SUMIF('Графік надходжень'!J:J,"2026-11",'Графік надходжень'!G:G) | D9: =B9-C9 | E9: =IF(B9=0,0,C9/B9)
A10: Разом | B10: =SUM(B2:B9) | C10: =SUM(C2:C9) | D10: =SUM(D2:D9) | E10: =IF(B10=0,0,C10/B10)

Sheet Прострочені
A1: Планова дата | B1: № проєкту | C1: Проєкт | D1: Платіж | E1: План, ₴ | F1: Факт, ₴ | G1: Борг, ₴
A2: 46325 | B2: 5910 | C2: SGM Brdovec, Хорватия | D2: Третій платіж | E2: 2812547 | F2: 1341330.5 | G2: =E2-F2
A3: 46325 | B3: 5910 | C3: SGM Brdovec, Хорватия | D3: Другий платіж 60% | E3: 16876140 | F3: 15646466 | G3: =E3-F3
A4: 46325 | B4: 4766 | C4: ALTECO Carport Model Taurus 280кВт | D4: П'ятий платіж | E4: 1263447.4 | F4: 1050000 | G4: =E4-F4
A5: 46325 | B5: 7244 | C5: В Модулекс модульна будівля Чернігів | D5: П'ятий платіж | E5: 132708.6 | F5: 0 | G5: =E5-F5
A6: 46260 | B6: 6406 | C6: Максим Яловий Чинадієво | D6: Другий платіж | E6: 218602 | F6: 170788 | G6: =E6-F6
D7: Разом | E7: =SUM(E2:E6) | F7: =SUM(F2:F6) | G7: =SUM(G2:G6)
